list,lemma,count
lemmesMotiliteDE,Adaptionsfähigkeit,0
lemmesMotiliteDE,Alltagsmobilität,1
lemmesMotiliteDE,Bewegung,28
lemmesMotiliteDE,Bewegungsangst,0
lemmesMotiliteDE,Bewegungsautonomie,0
lemmesMotiliteDE,Bewegungsbedürfnis,0
lemmesMotiliteDE,Bewegungsdisposition,0
lemmesMotiliteDE,Bewegungsdrang,0
lemmesMotiliteDE,Bewegungseinstellung,0
lemmesMotiliteDE,Bewegungserfahrung,0
lemmesMotiliteDE,Bewegungsfreude,0
lemmesMotiliteDE,Bewegungsfähigkeit,0
lemmesMotiliteDE,Bewegungsgewohnheit,0
lemmesMotiliteDE,Bewegungskapital,0
lemmesMotiliteDE,Bewegungsspielraum,0
lemmesMotiliteDE,Bildungsmobilität,0
lemmesMotiliteDE,Distanz-Toleranz,0
lemmesMotiliteDE,Einzugsgebiet,127
lemmesMotiliteDE,Entdeckerdrang,0
lemmesMotiliteDE,Erreichbarkeit,230
lemmesMotiliteDE,Erreichbarkeitsgerechtigkeit,0
lemmesMotiliteDE,Erschließungsgrad,0
lemmesMotiliteDE,Explorationsneigung,0
lemmesMotiliteDE,Fahrzeugzugang,0
lemmesMotiliteDE,Fortbewegung,7
lemmesMotiliteDE,Fortbewegungskompetenz,0
lemmesMotiliteDE,Infrastrukturverfügbarkeit,0
lemmesMotiliteDE,Komfortorientierung,0
lemmesMotiliteDE,Konnektivität,0
lemmesMotiliteDE,Mobilität,380
lemmesMotiliteDE,Mobilitätsangst,0
lemmesMotiliteDE,Mobilitätsanomie,0
lemmesMotiliteDE,Mobilitätsautonomie,0
lemmesMotiliteDE,Mobilitätsbudget,0
lemmesMotiliteDE,Mobilitätsdisposition,0
lemmesMotiliteDE,Mobilitätsdispositiv,0
lemmesMotiliteDE,Mobilitätsdispositiv,0
lemmesMotiliteDE,Mobilitätseinstellung,0
lemmesMotiliteDE,Mobilitätserfahrung,0
lemmesMotiliteDE,Mobilitätserziehung,0
lemmesMotiliteDE,Mobilitätsfähigkeit,0
lemmesMotiliteDE,Mobilitätsgerechtigkeit,0
lemmesMotiliteDE,Mobilitätsgewohnheit,0
lemmesMotiliteDE,Mobilitätshabitus,0
lemmesMotiliteDE,Mobilitätshaltung,0
lemmesMotiliteDE,Mobilitätsintegration,0
lemmesMotiliteDE,Mobilitätskapital,0
lemmesMotiliteDE,Mobilitätskompetenz,0
lemmesMotiliteDE,Mobilitätskosten,2
lemmesMotiliteDE,Mobilitätskultur,1
lemmesMotiliteDE,Mobilitätslernen,0
lemmesMotiliteDE,Mobilitätsmotivation,0
lemmesMotiliteDE,Mobilitätsnormen,0
lemmesMotiliteDE,Mobilitätspotenzial,0
lemmesMotiliteDE,Mobilitätspraktiken,0
lemmesMotiliteDE,Mobilitätsregime,0
lemmesMotiliteDE,Mobilitätsressource,0
lemmesMotiliteDE,Mobilitätsressourcen,0
lemmesMotiliteDE,Mobilitätsstrategie,10
lemmesMotiliteDE,Mobilitätswunsch,0
lemmesMotiliteDE,Motilität,0
lemmesMotiliteDE,Navigationsfähigkeit,0
lemmesMotiliteDE,Orientierungsangst,0
lemmesMotiliteDE,Orientierungskompetenz,0
lemmesMotiliteDE,Orientierungslernen,0
lemmesMotiliteDE,Orientierungsvermögen,0
lemmesMotiliteDE,Ortsbindung,0
lemmesMotiliteDE,Raumaneignung,0
lemmesMotiliteDE,Raumgewohnheit,0
lemmesMotiliteDE,Raumorientierung,0
lemmesMotiliteDE,Raumzugang,0
lemmesMotiliteDE,Reisekultur,0
lemmesMotiliteDE,Reiselust,0
lemmesMotiliteDE,Reisewunsch,0
lemmesMotiliteDE,Raumreichweite,0
lemmesMotiliteDE,Telemobilität,0
lemmesMotiliteDE,Telemobilität,0
lemmesMotiliteDE,Fernarbeit,0
lemmesMotiliteDE,Telepräsenz,0
lemmesMotiliteDE,Transportautonomie,0
lemmesMotiliteDE,Transportdisposition,0
lemmesMotiliteDE,Transporterfahrung,0
lemmesMotiliteDE,Transportfähigkeit,0
lemmesMotiliteDE,Transportressource,0
lemmesMotiliteDE,Verkehrsangst,0
lemmesMotiliteDE,Verkehrsgewohnheit,0
lemmesMotiliteDE,Verkehrsinfrastrukturzugang,0
lemmesMotiliteDE,Verkehrsintegration,0
lemmesMotiliteDE,Verkehrskapital,0
lemmesMotiliteDE,Verkehrskompetenz,0
lemmesMotiliteDE,Verkehrskultur,0
lemmesMotiliteDE,Verkehrsstrategie,2
lemmesMotiliteDE,Verkehrsverhalten,2
lemmesMotiliteDE,Verkehrszugang,0
lemmesMotiliteDE,Verwurzelung,1
lemmesMotiliteDE,Adaptionsstrategie im Raum,0
lemmesMotiliteDE,Anpassungsfähigkeit im Raum,0
lemmesMotiliteDE,Ausstattung mit Fahrzeugen,0
lemmesMotiliteDE,Autonomie im Raum,0
lemmesMotiliteDE,Berufliche Mobilität,0
lemmesMotiliteDE,Digitale Mobilität,0
lemmesMotiliteDE,Eigenständige Fortbewegung,0
lemmesMotiliteDE,Einstellung zum Verkehr,0
lemmesMotiliteDE,Fähigkeit zur Bewegung,0
lemmesMotiliteDE,Handlungskompetenz Mobilität,0
lemmesMotiliteDE,Intergenerationelle Mobilität,0
lemmesMotiliteDE,Kosten des Zugangs zu Verkehrsmitteln,0
lemmesMotiliteDE,Kulturelle Bedeutung der Bewegung,0
lemmesMotiliteDE,Latente Mobilität,0
lemmesMotiliteDE,Lernprozess Mobilität,0
lemmesMotiliteDE,Motivation zur Bewegung,0
lemmesMotiliteDE,Potenzielle Mobilität,0
lemmesMotiliteDE,Raumbezogener Habitus,0
lemmesMotiliteDE,Raumzeitliche Reichweite,0
lemmesMotiliteDE,Risikowahrnehmung Mobilität,0
lemmesMotiliteDE,Räumliche Anpassung,0
lemmesMotiliteDE,Räumliche Einbettung,0
lemmesMotiliteDE,Räumliche Flexibilität,0
lemmesMotiliteDE,Räumliche Identität,0
lemmesMotiliteDE,Räumliche Kompetenz,0
lemmesMotiliteDE,Räumliche Mobilität,0
lemmesMotiliteDE,Räumliche Nähe,0
lemmesMotiliteDE,Räumliche Reichweite,0
lemmesMotiliteDE,Räumliche Segregation,0
lemmesMotiliteDE,Räumliche Selbstbestimmung,0
lemmesMotiliteDE,Räumliche Tragweite,0
lemmesMotiliteDE,Räumliche Zentralität,0
lemmesMotiliteDE,Räumliches Kapital,0
lemmesMotiliteDE,Räumliches Lernen,0
lemmesMotiliteDE,Räumliches Potenzial,0
lemmesMotiliteDE,Räumliches Verhalten,0
lemmesMotiliteDE,Räumliches Vorstellungsvermögen,0
lemmesMotiliteDE,Räumliches Zugehörigkeitsgefühl,0
lemmesMotiliteDE,Selbstständigkeit im Verkehr,0
lemmesMotiliteDE,Soziale Mobilität,5
lemmesMotiliteDE,Soziale Raumproduktion,0
lemmesMotiliteDE,Symbolischer Wert der Mobilität,0
lemmesMotiliteDE,Urbane Literalität,0
lemmesMotiliteDE,Virtuelle Mobilität,0
lemmesMotiliteDE,Wert der Bewegung,0
lemmesMotiliteDE,Wert des Reisens,0
lemmesMotiliteDE,Zeitbudget für Mobilität,0
lemmesMotiliteDE,Zeitbudget Mobilität,0
lemmesMotiliteDE,Zugang zu Verkehrsmitteln,0
lemmesMotiliteDE,Ökonomischer Faktor Mobilität,0
lemmesTempsDE,Ankündigung,1
lemmesTempsDE,Auto,28
lemmesTempsDE,Barrierefreiheit,0
lemmesTempsDE,Bedürfnisbefriedigung,0
lemmesTempsDE,Beleuchtung,12
lemmesTempsDE,Dauer,21
lemmesTempsDE,Dienstleistungsqualität,0
lemmesTempsDE,Effizienz,19
lemmesTempsDE,Einsteigen,0
lemmesTempsDE,Einstieg,0
lemmesTempsDE,empfinden,2
lemmesTempsDE,wahrnehmen,51
lemmesTempsDE,Entfernung,3
lemmesTempsDE,Ergonomie,0
lemmesTempsDE,Erlebnis,5
lemmesTempsDE,Erfahrung,27
lemmesTempsDE,Erlebnisqualität,1
lemmesTempsDE,Erreichbarkeitsqualität,0
lemmesTempsDE,Erwartung,7
lemmesTempsDE,Erwartungserfüllung,0
lemmesTempsDE,Erwartungskongruenz,0
lemmesTempsDE,Fahrgastzufriedenheit,0
lemmesTempsDE,Fahrrad,10
lemmesTempsDE,Fahrstress,0
lemmesTempsDE,Fahrumgebungserleben,0
lemmesTempsDE,Flüssigkeit,0
lemmesTempsDE,Verkehrsfluss,24
lemmesTempsDE,Fußweg,51
lemmesTempsDE,Gemeinschaftsverkehr,0
lemmesTempsDE,Geräuschkulisse,0
lemmesTempsDE,Geschwindigkeit,10
lemmesTempsDE,Kilometer,19
lemmesTempsDE,Komfort,16
lemmesTempsDE,Komfortwahrnehmung,0
lemmesTempsDE,Kosten,202
lemmesTempsDE,Lebensqualität,83
lemmesTempsDE,Leistung,92
lemmesTempsDE,Lärmempfinden,0
lemmesTempsDE,Minute,25
lemmesTempsDE,Mobilitätserlebnis,0
lemmesTempsDE,Mobilitätsqualität,0
lemmesTempsDE,Mobilitätsstress,0
lemmesTempsDE,Mobilitätszufriedenheit,0
lemmesTempsDE,Nutzerzufriedenheit,0
lemmesTempsDE,Nutzungsbarrieren,0
lemmesTempsDE,Nutzungsfreundlichkeit,0
lemmesTempsDE,Nutzungszufriedenheit,0
lemmesTempsDE,optimal,337
lemmesTempsDE,Optimierung,135
lemmesTempsDE,Praktikabilität,0
lemmesTempsDE,pünktlich,1
lemmesTempsDE,Pünktlichkeit,4
lemmesTempsDE,Regelmäßigkeit,0
lemmesTempsDE,Reisebelastung,0
lemmesTempsDE,Reiseerlebnis,0
lemmesTempsDE,Reisezeitwahrnehmung,0
lemmesTempsDE,Rhythmus,3
lemmesTempsDE,Sauberkeit,0
lemmesTempsDE,Schnelligkeit,0
lemmesTempsDE,Serviceerlebnis,0
lemmesTempsDE,Sicherheit,133
lemmesTempsDE,Stress,2
lemmesTempsDE,Stunde,24
lemmesTempsDE,Taktfrequenz,0
lemmesTempsDE,U-Bahn,0
lemmesTempsDE,verbessern,347
lemmesTempsDE,Verbesserung,321
lemmesTempsDE,Verkehrsangemessenheit,0
lemmesTempsDE,Verkehrsflussqualität,0
lemmesTempsDE,Verkehrsgerechtigkeit,0
lemmesTempsDE,Verkehrsqualität,17
lemmesTempsDE,Verkehrsstress,0
lemmesTempsDE,Verkehrsüberlastung,9
lemmesTempsDE,Verlangsamung,2
lemmesTempsDE,Verspätung,1
lemmesTempsDE,wahrnehmen,51
lemmesTempsDE,Wahrnehmung,9
lemmesTempsDE,Wohlfühlmobilität,0
lemmesTempsDE,Zahlung,0
lemmesTempsDE,Zeit,82
lemmesTempsDE,Zeitdruck,0
lemmesTempsDE,Zeitgewinn,0
lemmesTempsDE,Zeitqualität,0
lemmesTempsDE,Zugänglichkeit,53
lemmesTempsDE,zuverlässig,39
lemmesTempsDE,Zuverlässigkeit,18
lemmesTempsDE,ÖPNV,0
lemmesTempsDE,Überlastung,16
lemmesTempsDE,Sättigung,0
lemmesTempsDE,Affektive Mobilität,0
lemmesTempsDE,angenehm leben,0
lemmesTempsDE,angenehmeres Leben,0
lemmesTempsDE,angenehmes Leben,0
lemmesTempsDE,Erlebnisorientierte Mobilität,0
lemmesTempsDE,kollektiver Verkehr,0
lemmesTempsDE,Komfortdimension Mobilität,0
lemmesTempsDE,Lebensqualität Mobilität,3
lemmesTempsDE,Modaler Komfortvergleich,0
lemmesTempsDE,Multisensorische Mobilitätserfahrung,0
lemmesTempsDE,Nutzung erleichtern,1
lemmesTempsDE,Nutzungsfreundlichkeit fördern,0
lemmesTempsDE,Raumzeitliche Effizienz,0
lemmesTempsDE,Rhythmisierung Alltags,0
lemmesTempsDE,Räumliche Wahrnehmung,0
lemmesTempsDE,Räumlicher Komfort,0
lemmesTempsDE,Straßenbahn / Tram,0
lemmesTempsDE,Subjektive Mobilität,0
lemmesTempsDE,Subjektive Sicherheit,0
lemmesTempsDE,Technologische Akzeptanz,0
lemmesTempsDE,Temporale Mobilitätserfahrung,0
lemmesTempsDE,Umweltwahrnehmung Verkehr,0
lemmesTempsDE,Verkehrliche Lebenswelt,0
lemmesTempsDE,Wohlbefinden im Verkehr,0
lemmesTempsDE,Zeitdimension der Mobilität,0
lemmesTempsDE,öffentlicher Verkehr,0
