before,hit,after,lemma,list,n,lang,document,year,canton
"Zonenpläne . Sie legen in ihren Bauordnungen die Meldepflicht für Terrainveränderungen in diesen Gebieten fest und holen im Einzelfall den Mitbericht des kantonalen Amtes für Denkmalpflege und Archäologie ein . Kurzfristig , Festsetzung 31 . 1 Die Schweizerischen Bundesbahnen projektieren aufgrund einer Standortptanung eine neue Ortsgüteranläge . Kurzfristig , Zwischenergebnis hinaus",kosten,". Kurzfristig , Festsetzung 21 . 0 Die Gemeinden planen die zeitliche Etappierung der Reservebauzonen . Kurzfristig , Zwischenergebnis 32 . 0 ( Gestrichen ) 33 . 0 Der Kanton prüft Massnahmen zur Entflechtung des Strassenverkehrs , um den öffentlichen Bussen auf den Hauptverkehrsstrassen oder den Kantonsstrassen eine möglichst ungehinderte",kosten,lemmesAccessibilitéDE,35168,DE,DE_BE,2010,BE
"eine flexiblere und wirkungsvollere Handhabung des Landschaftsschutzes eine differenzierte Beschreibung des Schutzzweckes und -zieles anzustreben ist . 3 . Abstimmungsgsanweisungen 3 . 1 An den Landschaftsschutzzonen gemäss Schutzzonenplan vom 16 . April 1991 wird festgehalten . Festsetzung 3 . 2 Für die Landschaftsschutzzonen werden differenzierte Schutzziele formuliert , die als Grundlage",kosten,im Gesetzesvollzug dienen . Festsetzung Kantonaler Richtplan Appenzell A . Rh . Stand : Mai 2008 Richtplantext Seite Seite111 22 S . L . Siedlung Landschaft S . 1 L . 9 Siedlungsgebiet Landschaftsschutz L . 9 . 2 Landschaften von nationaler Bedeutung 1 . Richtplanaufgabe Die Kantone sorgen für,kosten,lemmesAccessibilitéDE,25391,DE,DE_SO,2023,SO
"zu beachten , dass der Regierungsrat im Detail partielle Richtplanänderungen vorgenommen hat , die aufgrund von Ortsplanungsrevisionen oder Zonenplanänderungen nötig wurden . Diese Veränderungen werden laufend auf einer Richtplankarte im kantonalen Amt für Raumplanung Zug nachgeführt . Sie trefcen in diesem Bericht aber nicht in Erscheinung , da dieser auf einer",kosten,"allgemeineren Ebene angesiedelt ist und vor allem Informationen über Hintergründe und Zusammenhänge vermitteln will . Zug , im Juli 1996 Raumplanung geht uns alle an ! Liebe Mitbürgerinnen und Mitbürger Die Raumplanung ist Teil der Gestaltung unseres Lebensraumes , unserer Heimat . Sie beeinflusst , wo sich unsere S'iedlungen entwickeln",kosten,lemmesAccessibilitéDE,32368,DE,DE_BE,2008,BE
Steinegg 2 E . 5 . 2 / 24 ( 81 ) Trogen Sand E . 5 . 2 / 25 ( 82 ) Trogen Schurtanne Baldenwil - Süd E . 5 . 2 / 26 ( 85 ) ( * * * ) Trogen E . 5 . 2 /,kosten,27 ( 98 ) Rehetobel Hinter Kreuzalp Kaien E . 5 . 2 / 28 ( 91 ) Wald Obergaden E . 5 . 2 / 29 ( 14 ) E . 5 . 2 / 30 ( 21 ) Grub Heiden Rüti 3 Hinterer Bischofsberg E . 5 .,kosten,lemmesAccessibilitéDE,30047,DE,DE_BE,2002,BE
"gemäss Inventare des Bundes ( Moorlandschaften , Auengebiete , Hoch- und Übergangsmoore , Flachmoore und Amphibienlaichgebiete von nationaler Bedeutung ) ; - Kulturobjekte gemäss kantonalem und kommunalem Schutzzonenplan ; - Wald ; - Fruchtfolgeflächen1 ) ; - Naturgefahren ( durch Steinschlag , Hangrutschungen oder Murgänge gefährdete Gebiete ) ; - Siedlungsgebiet",KOSTEN,"( Bauzonen gemäss Zonenpläne und Bauentwicklungsgebiete gemäss kommunalen Richtplänen ) . 1 ) Nach Weisung des Bundes ist eine temporäre Beanspruchung der FFF nicht vollständig ausgeschlossen . Im Kanton ist aber eine Deponierung auf den ohnehin sehr knappen FFF unerwünscht . Dies insbesondere , weil ausserhalb der FFF noch ausreichend",kosten,lemmesAccessibilitéDE,29222,DE,DE_OW,1987,OW
"/ Nutzung ohne Gefährdung von Menschen , Tieren und Pflanzen . Kantonaler Richtplan Appenzell A . Rh . Seite 140 22 Richtplantext Stand : Mai 2008 Festsetzung R . 3 Weitere Raumnutzungen R . Zivilschutz , Infrastrukturen und Risiken R . 3 Zivilschutz , Infrastrukturen und Risiken 0 . Erläuterungen Die",KOSTEN,"Umsetzung der Störfallverordnung des Bundes hat ergeben , dass im Kanton nur wenige Betriebe und Anlagen bestehen , welche in den Geltungsbereich dieser Verordnung fallen . Die Abklärungen haben gezeigt , dass die entsprechenden Risiken tragbar sind . Die massgeblichen Risikopotentiale sind direkt abhängig von den - zumindest mittelfristig variablen",kosten,lemmesAccessibilitéDE,32072,DE,DE_OW,1987,OW
"18 , 6300 Zug Aufgrund der eingegangenen Anregungen werden wir dann den Entwurf des Richtplanes 1987 überarbeiten . Die definitive Fassung wird vom Regierungsrat beschlossen , dem Kantonsrat unterbreitet und schliesslich vom Bundesrat genehmigt . BAUDIREKTION DES KANTONS ZUG Dr . P . Twerenbold , Regierungsrat Zug , im März 1987",KOSTEN,"l- Zusammenfassung mit Richtplantext Überblick über die Aufgabe 7 Die Ausgangslage im Kanton Zug 7 Der Richtplan des Kantons Zug s Die Der Richtplankarte Richtplantext Vorbemerkung 8 8 8 Wortlaut des Richtplantextes , gegliedert nach Sachgebieten Natur und Landschaft Siedlung Denkmalpflege und Archäologie Verkehr Öffentliche Ver- Bauten und 10 11",kosten,lemmesAccessibilitéDE,32648,DE,DE_OW,1987,OW
"Bestimmung der regionalen Abwasserreinigungsanlage und der Hauptsammelkanäle gemäss § 27 f . des Gesetzes über die Gewässer vom 22 . Dezember 1969 - eine Reihe von Einzelverfügungen des Regierungsrates , beispielsweise hinsichtlich der Kulturobjekte . Unser Kanton ist nach wie vor einem starken Entwicklungsdruck ausgesetzt . Einwohner und Arbeitsplätze nehmen in",KOSTEN,"überdurchschnittlichem Masse zu . Diese Entwicklung soll in geordneten Bahnen verlaufen . Was bisher Der Richtplan des Kantons Zug raumplanerisch erarbeitet wurde , bedarf jedoch keiner radikalen Korrektur , sondern ist mit der kantonalen RichtPlanung je nach Sachgebiet zu ergänzen und zu einem Ganzen zusammenzufügen . Mit anderen Worten :",kosten,lemmesAccessibilitéDE,33551,DE,DE_OW,1987,OW
". Kurz- und mittelfristig . Festsetzung Hünenberg , und hält den allenfalls benötigten Raum frei . 42 . 0 Kanton und Gemeinden überprüfen die Wanderkarte Kurzfristig , Zwischenergebnis Zugerland 1986 auf ihre Eignung als Plan gemäss Art . 4 Abs . 1 Bst . a des Bundesgesetzes über FUSS- und Wan-",KOSTEN,"37 . 0 Der Kanton Zug setzt sich für einen provisorischen Anschluss an die erstellte Nationalstrasse N4 im Raum Knonau—Mettmenstetten ein . Sollte dies nicht möglich sein , so prüft der Kanton Zug zusammen mit den zuständigen Bundesinstanzen einen provisorischen Anschluss im Raum Bibersee . Kurzfristig . Zwischenergebnis 38 .",kosten,lemmesAccessibilitéDE,35418,DE,DE_OW,1987,OW
"kantonalen Richtptan nehmen wir die räumlichen Gegebenheiten unseres Kantons wahr und erkennen Vorzüge und Nachteile der bisherigen Entwicklung . Welche politische Arbeit ist aber noch zu leisten , um im Sinne des Verfassungsauftrags die zweckmässige Nutzung des Bodens und die geordnete Besiedlung unseres Kantons zu gewährleisten ? — Die wichtigsten Aufgaben",KOSTEN,"sind im Richtplantext genannt : das Gebiet ausserhalb der Bauzonen wird entweder als Landwirtschafts- , Schutz- oder Übriges Gebiet bezeichnet , mit Schwerpunkt auf den landwirtschaftlich zu nutzenden Flächen , welche die Fruchtfolgeflächen sicherstellen , tm übrigen Gebiet finden die Abbau- und Deponiegebiete Platz . Natur- und Kulturobjekte wie auch",kosten,lemmesAccessibilitéDE,36391,DE,DE_OW,1987,OW
"über die Verkehrsentlastung von Hauptsache als kantonale Aufgabe vorgesehen , Cham , sowie die 1982 vom Kantonsrat festgeleg- 53 ^ j Strassenanlagen Busnetz und Busanlagen Als Basiserschliessung soll vom ganzen Die Realisierung des neuen Busnetzes ist Siedlungsgebiet aus das Busnetz gut er- zur Hauptsache als kantonale Aufgabe vorge- kehrsträger . Auf",KOSTEN,"ihm fahren nicht nur die reichbar sein für Personen , die auf dieses sehen , einerseits was die Raumfreihal ^ ung privaten Motorfahrzeuge , sondern auch die Verkehrsmittel angewiesen sind ( z . B . Schü- und den Ausbau der betroffenen Strassen be- Busse der öffentlichen Verkehrsbetriebe ler , ältere",kosten,lemmesAccessibilitéDE,51251,DE,DE_OW,1987,OW
"Etappierung in Koordination mit der Frei- tungsfähigkeit ( Anzahl der Kurse ) und im Komfort ( Direktheifc der Linien , Umsteigebe ziehungen etc . ) . gäbe von Reserve-Siedlungsgebiet . Die vom Regierungsrat eingesetzte Kommis- sion für den öffentlichen Verkehr hat dazu am 7 . Oktober 1985 ihre Vorschläge für das",KOSTEN,"kantonale Busnetz unterbreitet . Diese Vorschlage sind vom Regierungsrat übernommen worden und sollen mit dem Gesetz über den öffentlichen Verkehr und der Festlegung des Liniennetzes durch den Kantonsrat rechtsgültig festgesetzt werden . Es handelt sich um wesentliche Leisfcungsverbesse- Strassenverkehr dienenden Strassen ( kreuzungsfreie Hochleistungsstrassen sowie Hauptverkehrsstrassen ) , in der",kosten,lemmesAccessibilitéDE,51500,DE,DE_OW,1987,OW
"betreffenden Gemeinde und dem Kanton ( Kurzfristig , Zwischenergebnis ) . Die Hoctileistun9sstrassen auf Zuger Kan- tonsgebiet sind erstellt ( es sind die Nationalstrassen N4 , N14 und N4a ) . Ihre Raum- öffentlichen Bussen eine möglichst unge- freihaltung und Projektierung ( z . B . Aende- hinderte Fahrt zu gewährleisten",KOSTEN,"( Kurz- rungen ) , werden weiterhin durch den Kanton und Mittelfristig , Zwischenergebnis ) . betreut . Sie werden als Ausgangslage im Richtplan dargestellt . 53 Strassennetz Hochleistungsstrasse Anschluss bestehend 0 Anschluss geplant Hauptverkehrsstrasse r-Steinhausen Tunnel Neuheim l untergeordnete Kantonsstrasse l l Siedlungsgebiet Gemeindegrenze 54 fce Verlängerung der General-Guisan-Strasse",kosten,lemmesAccessibilitéDE,51909,DE,DE_OW,1987,OW
"Zürich die Raumfreihaltung für die Neuführung der Hauptverkehrsstrasse T4 Richtung Hirzel . ( Kurzfristig , Zwischenergebnis ) via N4a—Zimmerbergtunnel-Horgen über die N3 Festsetzung in den Richtplan aufgenommen , die Der geltende Verkehrsrichtplan enthält sodann Richtung Zürich geführt worden . Der Entscheid , betroffenen Strassen sind in der Richtplankar- eine Umfahrung von",KOSTEN,"Menzingen durchs Edlibach- wie er nun zu Gunsten der Weiterführung der N4 te dargestellt . im Knonaueramt gefallen ist , bedeutet für unseren Kanton , dass sich der Verkehr aus der Stadt Zug in Richtung Zürich nach Westen ( bestehender Anschluss Zug-West beim Alpenblick , tal zur Entlastung der engen",kosten,lemmesAccessibilitéDE,52471,DE,DE_OW,1987,OW
"ist ; Streichung des sog . Bügels ZugInwil—Baar ; Sfcreichung der grossen Umfahrung Menzingen ; Streichung der lokalen Umfahrungen Hinterdorf , Neuheim und in Risch . ( Kurzfristig , Zwischenergebnis ) Für die bergseitige Ost-West-Umfahrung der gelegene Reussbrücke mit Bahnunterführung lie- zum Arbeitsplatz zu fahren . Die entsprechenden gen die Planungsbeschlüsse",KOSTEN,"der Kanfcone Aargau Parkierungsreglemente sollen den Gemeindebe- und Zug vor . Die neue Linienführung wird im Richtplan aufgezeigt . Die alte Holzbrücke soll hörden erlauben , die Zahl der Pendlerparkplät- beim Ersatz saniert werden und für Fußgänger stehender Parkplätze Einfluss zu nehmen ( Um- und Radfahrer weiterhin zur Verfügung stehen",kosten,lemmesAccessibilitéDE,52844,DE,DE_OW,1987,OW
"sind Planungen in für jedermann verbindlich festgelegt . Er be Sachbereichen , in welchen die planenden Be- steht in der Regel aus Karte und Text . hörden für Zielsetzung , Ausführung und Finanzierung zuständig sind . Sachpläne des Bundes sind : Unternehmungsplanung von SBB Ortsplanung : Ortsplanung ist Raumplanung auf Gemeindestufe",KOSTEN,". In der Regel umfasst sie und PTT , Nationalstrassenbau , u . a . m . Auch die Untersuchung und Ueberprüfung der be- Kantone und Gemeinden erstellen Sachpläne . stehenden und künftigen ( geplanten ) Nutzungsordnun9 innerhalb des Gemeindege- Zonenplan : Der Zonenplan unterteilt den bietes sowie deren Festlegung",kosten,lemmesAccessibilitéDE,59428,DE,DE_OW,1987,OW
"Hochschule Zürich , jährlich , letzte Ausgabe 1985 81 Bundesgesetz über die Raumplanung ( RPG ) vom 22 . Juni 1979 Die ßundesversammlung der Schweizerischen Eidgenossenschafl , gestützt auf Artikel 22q "" ater der Bundesverfassung , nach Einsicht in eine Botschaft des Bundesrates vom 27 . Februar 1978l ) , beschliessl",KOSTEN,": l . Titel : Einleitung Art . l Ziele l Bund , Kantone und Gemeinden sorgen dafür , dass der Boden haushälterisch genutzt wird . Sie stimmen ihre raumwirksamen Tätigkeiten aufeinander ab und verwirklichen eine auf die erwünschte Entwicklung des Landes ausgerichtete Ordnung der Besiedlung . Sie achten dabei",kosten,lemmesAccessibilitéDE,59707,DE,DE_OW,1987,OW
"; c . See- und Flussufer freigehalten und öffentlicher Zugang und Begehung erleichtert werden ; d . naturnahe Landschaften und Erholungsräume erhalten bleiben ; e , die Wälder ihre Funktionen erfüllen können . • Das kantonale Recht regelt einen angemessenen Ausgleich für erhebliche Vor- und Nachteile , die durch Planungen nach",KOSTEN,"diesem Gesetz entstehen . 2 Führen Planungen zu Eigentumsbeschränkungen , die einer Enteignung gleichkommen , so wird voll entschädigt . 3 Die Kantone können vorschreiben , dass die Auszahlung von Entschädigungen bei Eigentumsbeschränkungen im Grundbuch anzumerken ist . l ) BBI 19781 1006 3 Die Siedlungen sind nach den Bedürfnissen",kosten,lemmesAccessibilitéDE,59979,DE,DE_OW,1987,OW
"werden . Art . 4 Information und Mitwirkung 3 Die mit Planungsaufgaben betrauten Behörden achten darauf , den ihnen nachgeordneten Behörden den zur Erfüllung ihrer Aufgaben nötigen Ermessensspielraum zu lassen , i Die mit Planungsaufgaben betrauten Behörden unterrichten die Bevölkerung über Ziele und Ablauf der Planungen nach Art . 3 Planungsgrundsätze",KOSTEN,"2 Sie sorgen dafür , dass die Bevölkerung bei Planungen in geeigneter Weise mitwirken kann . i Die mit Planungsaufgaben betrauten Behörden achten auf die nachstehenden Grundsätze : Art . 5 Ausgleich und Entschädigung diesem Gesetz . 3 Die Pläne nach diesem Gesetz sind öffentlich , 2 . Titel :",kosten,lemmesAccessibilitéDE,60228,DE,DE_OW,1987,OW
", so entscheidet der Bundesrat , spätestens drei Jahre nachdem er die EinigungsverHandlung angeordnet hat . Richtpläne zeigen mindestens a . wie die raumwirksamen Tätigkeiten im Hinblick auf die anzustrebende Entwicklung aufeinander abgestimmt werden ; b . in welcher zeitlichen Folge und mit welchen Mitteln vorgesehen ist , die Aufgaben zu",KOSTEN,"erfüllen . Art . 13 Konzepte und Sachpläne Art , 9 Verbindlichkeit und Anpassung l Der Bund erarbeitet Grundlagen , um seine raumwirksamen Aufgaben erfüllen zu können ; er erstellt die nötigen Konzepte und Sachpläne und stimmt sie aufeinander ab . i Richtpläne sind für die Behörden verbindlich . 2",kosten,lemmesAccessibilitéDE,60571,DE,DE_OW,1987,OW
"16 Landwirtschaftszonen ' Landwirtschaftszonen umfassen Land , das a . sich für die landwirtschaftliche Nutzung oder den Gartenbau eignet oder b . im Oesamtinteresse landwirtschaftlich genutzt werden soll . 2 Soweit möglich werden grössere zusammenhängende Flächen ausgeschieden . Art . 17 Schutzzonen l Schutzzonen umfassen a . Bäche , Flüsse ,",KOSTEN,"Seen und ihre Ufer ; b . besonders schöne sowie naturkundlich oder kulturgeschichtlich wertvolle Landschaften ; c . bedeutende Ortsbilder , geschichtliche Stätten sowie Naturund Kulturdenkmäler ; d . Lebensräume für schutzwürdige Tiere und Planzen . 2 Statt Schutzzonen festzulegen , kann das kantonale Recht andere geeignete Massnahmen vorsehen .",kosten,lemmesAccessibilitéDE,60921,DE,DE_OW,1987,OW
"Organisation Art . 21 Verbindlichkeit und Anpassung i Eine kantonale Behörde genehmigt die Nutzungspläne und ih're Anpassungen . Art . 31 Kantonate Fachstellen ' Nutzungspläne sind für jedermann verbindlich . 2 Haben sich die Verhältnisse erheblich geändert , so werden die Nutzungspläne überprüft und nötigenfalls angepasst . Art . 22 Baubewilligung",KOSTEN,"' Bauten und Anlagen dürfen nur mit behördlicher Bewilligung errichtet oder geändert werden . 2 Voraussetzung einer Bewilligung ist , dass a . die Bauten und Anlagen dem Zweck der Nutzungszone entsprechen und b . das Land erschlossen ist . 3 Die übrigen Voraussetzungen des Bundesrechts und des kantonalen Rechts",kosten,lemmesAccessibilitéDE,61192,DE,DE_OW,1987,OW
"ändern , wenn a . der Zweck der Bauten und Anlagen einen Standort ausserhalb der Bauzonen erfordert und b . keine überwiegenden Interessen entgegenstehen . 2 Das kantonale Recht kann gestatten , Bauten und Anlagen zu erneuern , teilweise zu ändern oder wieder aufzubauen , wenn dies mit den wichtigen Anliegen",KOSTEN,der Raumplanung vereinbar ist . Die Kantone bezeichnen eine Fachstelle für Raumplanung . 2 Sie prüft diese auf ihre Übereinstimmung mit den vom Bundesrat genehmigten kantonalen Richtplänen . l Der Bund gewährt Beiträge bis zu 30 Prozent an die Kosten der Richtpläne . 2 Die Bundesmittel werden in Form von,kosten,lemmesAccessibilitéDE,61427,DE,DE_OW,1987,OW
nach Artikel 17 Beiträge leisten . 2 Kantone und Gemeinden sind zur Beschwerde berechtigt . 3 Andere Entscheide letzter kantonaler Instanzen sind endgültig ; vorbehalten bleibt die staatsrechtliche Beschwerde an das Bundesgericht . Art . 30 Voraussetzung für andere Beiträge 3 . Abschnitt : Zuständigkeit und Verfahren Art . 25 Kantonale,KOSTEN,"Zuständigkeiten i Die Kantone ordnen Zuständigkeiten und Verfahren 2 Ausnahmen nach Artikel 24 werden durch eine kantonale Behörde oder mit deren Zustimmung bewilligt , Der Bund macht die Leistung von Beiträgen an raumwirksame Massnahmen nach ändern Bundesgesetzen davon abhängig , dass diese den genehmigten Richtplänen entsprechen . 6 . Titel",kosten,lemmesAccessibilitéDE,61672,DE,DE_OW,1987,OW
03 A A A A A z A A A z z A A z A A A A A z z A A A Schmittli Walterswil Littibachtobel Lorzentobel ( siehe 04 . 21 u . 1 1 . 07 ) Waldtal Steinhausen ( siehe 08 . 03 ) Gemeinde Cham,KOSTEN,Choller ( siehe01 . 01 ) Wannhüseren Frauental l Frauental II Meienberg Ghasel Gemeinde Hünenberg Rüss-Spitz Giessen Schachenweid ( siehe 09 . 04 ) Reussufer mit Auenwälder Rüss-Spitz Ergänzung Gemeinde Stelnhausen Steinhauser Weiher Zimbel ( siehe 05 . 01 ) Waldtal Steinhausen ( siehe 05 . 11 ) Gemeinde Rlsch,kosten,lemmesAccessibilitéDE,67894,DE,DE_OW,1987,OW
": Siedlung / Freihaltung ? * Camping- , SPV-Zone * Haselmatt , südlich Gewässerschutz / LSG Bauzone LWG Gemeinde Menzlngen Vorder- und Hinter Mangeli Frelhaltung , teilweise Wald / LSG SPV-Zone LWG Industriegebiet Chrüzegg SPV-Zone LWG Bachmüli - Edtibachtal Bauzone LWG LSG Freihaltung , Umgebungsschutz / LSG 05 . Ufer Ländi",KOSTEN,bis Eierhals freihalten / LSG Harrüti * ' Sicherung Fabrikausbau EFG EFG Geblet / Bemerkungen heutige Rechtslage Gemeinde Unterägerl 03 . Zusammenhängendes LWG Baarer Teile / Find Erhaltung Ochsenhof und Findhof * Böschi tandschatilich exponierte Lage / LSG Balmll / Sagen GPNU 02 . 05 Idee Geblet / Bemerkungen heutige,kosten,lemmesAccessibilitéDE,69244,DE,DE_OW,1987,OW
"LWG SPV-Zone LWG Dorfbach Steinhausen ( Ochsenbach ) ü . G . EFG Verbindung Steinhausen - Choller ( See ) Freudenberg SPV-Zone LWG Nördlich Banholz SPV-Zone LWG unbestimmte Nutzung / teilweise LSG Oberrisch SPV-Zone LWG Parkanlage Solitüde - Villette Zusammenhängendes Erholungsgebiet Allmendhof durch Umfahrungsstrasse abgetrennt Schluecht , landwirtschaftliche Schule Zusammenhängendes LWG",KOSTEN,westlich Autobahnzubringer Zusammenhängendes LWG Eizmoos Zusammenhängendes LWG Lorzenweid Freihaltung / LSG 07 . 102 GPNU 07 . 01 z GPNU 07 . 02 z 08 . GPNU 08 . 01 z GPNU 08 . 02 z Gemeinde Hünenberg Industriegebiet Rothus zugunsten LWG verkleinern Dersbach / Eichrüti Freihattung Uferbereich Gemeinde Stelnhausen,kosten,lemmesAccessibilitéDE,69508,DE,DE_OW,1987,OW
Buonas KO KO KO KO KO KO KO KO KO KO KO KO KO KO 09 . 28 09 . 29 10 . 10 . 01 10 . 02 10 . 03 10 . 04 10 . 05 10 . 06 10 . 07 10 . 08 10 . 09 10,KOSTEN,". 10 10 . 11 10 . 12 10 . 13 10 . 14 A A A A z z z z z z z z z z Gebäudegruppe Haldenhof , Rotkreuz Schloss Buonas mit Nebenbauten und Landschaflspark Pfarrkirche Rotkreuz Kapellchen Berchtwil Kapellchen Ibikon Kapelle St . Wendelin , Holzhäusern",kosten,lemmesAccessibilitéDE,70180,DE,DE_OW,1987,OW
Speicher Forren Steinegg 2 E . 5 . 2 / 24 ( 81 ) Trogen Sand E . 5 . 2 / 25 ( 82 ) Trogen Schurtanne Baldenwil - Süd E . 5 . 2 / 26 ( 85 ) ( * * * ) Trogen E . 5 .,kosten,2 / 27 ( 98 ) Rehetobel Hinter Kreuzalp Kaien E . 5 . 2 / 28 ( 91 ) Wald Obergaden E . 5 . 2 / 29 ( 14 ) E . 5 . 2 / 30 ( 21 ) Grub Heiden Rüti 3 Hinterer Bischofsberg E .,kosten,lemmesAccessibilitéDE,30045,DE,DE_BE,2004,BE
"ist zu beachten , dass der Regierungsrat im Detail partielle Richtplanänderungen vorgenommen hat , die aufgrund von Ortsplanungsrevisionen oder Zonenplanänderungen nötig wurden . Diese Veränderungen werden laufend auf einer Richtplankarte im kantonalen Amt für Raumplanung Zug nachgeführt . Sie trefcen in diesem Bericht aber nicht in Erscheinung , da dieser auf",kosten,"einer allgemeineren Ebene angesiedelt ist und vor allem Informationen über Hintergründe und Zusammenhänge vermitteln will . Zug , im Juli 1996 Raumplanung geht uns alle an ! Liebe Mitbürgerinnen und Mitbürger Die Raumplanung ist Teil der Gestaltung unseres Lebensraumes , unserer Heimat . Sie beeinflusst , wo sich unsere S'iedlungen",kosten,lemmesAccessibilitéDE,32367,DE,DE_BE,2006,BE
"die Meldepflicht für Terrainveränderungen in diesen Gebieten fest und holen im Einzelfall den Mitbericht des kantonalen Amtes für Denkmalpflege und Archäologie ein . Kurzfristig , Festsetzung 31 . 1 Die Schweizerischen Bundesbahnen projektieren aufgrund einer Standortptanung eine neue Ortsgüteranläge . Kurzfristig , Zwischenergebnis hinaus . Kurzfristig , Festsetzung 21 . 0",kosten,"Die Gemeinden planen die zeitliche Etappierung der Reservebauzonen . Kurzfristig , Zwischenergebnis 32 . 0 ( Gestrichen ) 33 . 0 Der Kanton prüft Massnahmen zur Entflechtung des Strassenverkehrs , um den öffentlichen Bussen auf den Hauptverkehrsstrassen oder den Kantonsstrassen eine möglichst ungehinderte und bevorzugte Fahrt zu gewährleisten . Kurz-",kosten,lemmesAccessibilitéDE,35175,DE,DE_BE,2012,BE
möglich zu verbessern ( Massnahme V3 ) . Weitere Massnahmen aus dem Massnahmenplan Luftreinhaltung werden im Kapitel V ( Verkehr ) erläutert . 3 . Beschlüsse zu Lärmschutz und Luftreinhaltung Die aufgrund des Lärmbelastungskatasters und dem Massnahmenplan Luftreinhaltung notwendigen Massnahmen und Umsetzungsaufträge für den Sachbereich Siedlung sind in den Beschlüssen zu,infrastruktur,"S . 1 . 1 Siedlungsgebiet , S . 2 . 1 Gemeinden mit Zentrumsaufgaben und S . 2 . 2 Übrige Gemeinden integriert . Kantonaler Richtplan Appenzell A . Rh . Stand : Mai 2008 Richtplantext Seite 47 22 S . Siedlung S . 5 S . 1 Siedlungsgebiet",infrastruktur,lemmesAccessibilitéDE,11371,DE,DE_SO,2023,SO
2008 Vororientierung Versorgung und Entsorgung Siedlung S . E . Abfallbewirtschaftung Siedlungsgebiet S . 1 E . 4 Deponienummer Gemeinde ( Nr . gemäss Deponieplanung ) Gebiet E . 5 . 2 / 2 ( 23 ) Herisau Baldenwil - Ost E . 5 . 2 / 3 ( 24 ),dauerte,E . 5 . 2 / 4 ( 25 ) Herisau Herisau Baldenwil - West E . 5 . 2 / 5 ( 36 ) Herisau Buchschachen E . 5 . 2 / 6 ( 37 ) E . 5 . 2 / 7 ( 38 ) Herisau Herisau Buchschachen,dauern,lemmesTempsChronoDE,29744,DE,DE_BS,1986,BS
Siedlungstrenngürtel zwischen den folgenden Gemeinden bzw . Gebieten werden festgesetzt . Seite 42 - zwischen Herisau und Ramsen bzw . Schachen ; - zwischen Herisau und Waldstatt ; - zwischen Niederteufen und Lustmühle ; - zwischen Teufen und Bühler ; - zwischen Bühler und Gais ; - zwischen Speicher und Trogen,dauerte,"; - zwischen Grub und Heiden ; - zwischen Heiden und Wolfhalden ; - zwischen Walzenhausen , Lachen und Moos . Rich pl nt Ri nte t Festsetzung S . 3 Siedlungsausstat tung S . 3 . 1 Öffentliche Bauten und Anlagen Siedlung S . Siedlungsausstattung Siedlungsgebiet S . 1",dauern,lemmesTempsChronoDE,9987,DE,DE_SZ,2008,SZ
kommt dabei dem Ausbau der Radstrecken für Schüler und Pendler zu . 3 . 2 Rad- und Gehwege sind nach Möglichkeiten in Kombination mit anstehenden Bauvorhaben an Staatsstrassen zu erstellen . 4 . Abstimmungsanweisungen 4 . 1 Die folgenden Strecken der Staatsstrassen sind für Radfahrer auszubauen : Festsetzung Kantonaler Richtplan Appenzell,dauerte,"A . Rh . Stand : Mai 2008 Richtplantext Seite 63 22 S . V . Siedlung Verkehr S . 1 V . 2 Siedlungsgebiet Strassen Gemeinde auszubauende Strecke für Radfahrer : Waldstatt und Urnäsch Staatsstrasse Nr . 8 , Waldstatt-Zürchersmühle , Teilstück Murbachrank – Saien . Hundwil Staatsstrasse Nr",dauern,lemmesTempsChronoDE,14803,DE,DE_SZ,2008,SZ
"Ausgangspunkt Eggen-Höhenwanderweg mit Parkplätzen und öV-Anschluss , Aussichtslage , Landschaftsschutzzone , Kulturobjekte , Skilift , Zone für Skisport Kantonaler Richtplan Appenzell A . Rh . Richtplantext Seite 89 L . Landschaft L . 5 Freizeit , Tourismus und Erholung Gemeinde / Gebiet 1 . Ausscheidungskriterien 2 . Konflikte Bühler / IE",dauerte,"9 / Hohe Buche 1 . Ausflugsrestaurant ( Provisorium , Erneuerungsabsichten ) , Parkplätze , Aussichtspunkt Gais , Trogen / W 5 / Gäbris 1 . Bergrestaurants Gäbris und Sommersberg , Hauptwanderwege , Bikestrecken , Parkplätze ( Wissegg , Klimastation , Landmark ) und öV-Anschluss Trogen , Skilift und Zone",dauern,lemmesTempsChronoDE,21145,DE,DE_SZ,2008,SZ
"und Risiken 141 Weitere Raumnutzungen R . R R . Weitere Raumnutzungen R . 1 Militär Weitere Raumnutzungen Siedlung R . S . Siedlungsgebiet Militär R . 1 S . 1 1 . Richtplanaufgabe Bund , Kantone und Gemeinden unterstützen mit Massnahmen der Raumplanung die Bestrebung , die Gesamtverteidigung zu gewährleisten",dauert,"( RPG Art . 1 ) . 2 . Ausgangslage und Übersicht über die Grundlagen Die Änderungen rund um Armee 95 und die Umweltschutzanforderungen aufgrund des Bodenschutzes haben dazu geführt , dass die vielen kleinen und im Richtplan von 1987 noch ausgewiesenen Hilfsschiessplätze für die militärische Nutzung nicht mehr gebraucht",dauern,lemmesTempsChronoDE,31296,DE,DE_OW,1987,OW
"Zweckmässige , in der Regel kleinflächige Einzonungen sind dabei möglich für : Festsetzung 1 . 4 B a ) rechtmässig erstellte , bestimmungsgemäss nutzbare und nachträglich zonenfremd gewordene Bauten und Anlagen , b ) bestehende Zonenrandstrassen und deren nachweislich notwendigen Ausbau , c ) Baulücken , in der Regel bis maximal",dauert,"1000 m2 , die mehrheitlich an die Bauzone angrenzen , d ) Kompensationsflächen im Zusammenhang mit der Zonenbereinigung im Bereich von Kleinsiedlungen ( vgl . Planungsauftrag 1 . 9 A , Festsetzung 1 . 9 C und Anhang A9 ) . Mit den beiden Festsetzungen 1 . 1 B Bst",dauern,lemmesTempsChronoDE,84695,DE,DE_OW,1987,OW
"Nutzung die Auszonung bisheriger SPV-Zonen erwägen . Die Verkehrsbeziehungen sind in unserem Kanton gewiss nicht optimal gelöst . Bahn und Bus stehen aber vor einem kräftigen Ausbau . Im Strassenbau sind ebenfalls Lücken zu schliessen , namentlich im Räume Zug . Der öffentliche Hochbau schliesslich ist mit dem kantonaten Verwaltungszentrum ,",dauert,"der Gewerblich-industriellen Berufsschule , der Kaufmännischen Berufsschule und der Motorfahrzeugkontrolle auf dem Wege , lange Aufgeschobenes zu verwirklichen und Provisorisches zu ersetzen . Der kantonale Richtplan stellt eine Momentaufnahme dar , Er öffnet zugleich Fenster in die Zukunft . Mit der RichtPlanung lassen sich nicht alle politischen Probleme lösen .",dauern,lemmesTempsChronoDE,36516,DE,DE_LU,2009,LU
"namentlich die « Geo-Route » , die « Gögelland-Route » und die « Huggenberger-Route » ( vgl . Übersichtskarte « Radwegnetz Freizeitverkehr » ) . Die Routen sind einheitlich signalisiert und über die Kantonsgrenzen hinaus abgestimmt . KRP TG , November 2023 / 3 . Verkehr Ziffer 3 . 4 Seite",dauern,"5 / 11 Langsamverkehr ( LV ) Verkehr 3 . 4 Seite 6 / 11 Ziffer 3 . 4 3 . Verkehr / KRP TG , November 2023 Verkehr KRP TG , November 2023 / 3 . Verkehr 3 . 4 Ziffer 3 . 4 Seite 7 / 11 Langsamverkehr",dauern,lemmesTempsChronoDE,109649,DE,DE_SH,2004,SH
gewährleistet werden kann und die Gesamtkosten im Vergleich zu den Gesamtkosten der Ausführung als Freileitung einen bestimmten Faktor ( Mehrkostenfaktor ) nicht übersteigen . Zwischenergebnis 4 . 2 A 4 . 201 4 . 202 Folgendes Vorhaben ist geplant : • Unterwerk in Romanshorn ( EKT / SN Energie ) •,dauert,Unterwerk Weinfelden Ost mit 110 kV Netzanschluss ( EKT ) Ausgangslage Die Ausgangslage bilden die auf der Richtplankarte eingezeichneten Leitungen ( Netzebene 3 ) und Unterwerke ( Netzebene 4 ) . Erläuterungen Einen grossen Teil der elektrischen Energie muss der Kanton heute importieren . Durch die Förderung erneuerbarer Energien (,dauern,lemmesTempsChronoDE,114930,DE,DE_SH,2004,SH
"Tiefbauamt , Wasserbau , Oberforstamt , 1995 und 1998 - Grundlagen Verband Appenzellerland Tourismus ( VAT ) , kommunale Verkehrsvereine , Gemeinden zur touristischen Ausgangslage und Kantonaler Richtplan Appenzell A . Rh . Seite 4 Richtplantext Einleitung A . Aufbau und Inhalt der kantonalen Richtplanung A . 1 Entwicklung , 1995",dauerte,"- 1997 - Konzept zur Erhaltung und Förderung von Natur und Landschaft im Kanton Appenzell A . Rh . , Sachplan "" Lebensraumverbund "" , Stand Nov . 1998 - Bundesgesetz über den Natur und Heimatschutz , Stand März 1995 , SR 451 - Bundesinventar der Moorlandschaften von nationaler Bedeutung",dauern,lemmesTempsChronoDE,1989,DE,DE_AG,1996,AG
bereits für die Radfahrer ausgebaut werden . Für die noch nicht ausgebauten Radstrecken besteht weiterhin Handlungsbedarf für den Ausbau und die Sicherung für Radfahrer ( vgl . Übersichtsplan über die Radstrecken ausserorts ) . Ein Mountainbike-Streckennetz steht zur Zeit in Bearbeitung . Die kantonsübergreifenden Strecken werden koordiniert . 3 . Richtungsweisende,angenehme,"Festlegungen 3 . 1 Entlang stark befahrener Hauptstrassen mit massgeblichem Radverkehr sollen ausserorts kombinierte Rad- / Gehwege , resp . Radstreifen erstellt werden . Innerorts sollen , soweit die gegebenen Fahrbahnbreiten es zulassen , Radstreifen markiert werden . Erste Priorität kommt dabei dem Ausbau der Radstrecken für Schüler und Pendler",angenehm,lemmesTempsVecueDE,14712,DE,DE_AG,2025,AG
"Rietli-Stoss Wolfhalden und Lutzen- Staatsstrasse Nr . 18 , Wolfhalden-Rheineck Teilstück Bruggmühle - Hellbüchel berg 1 ) 4 . 2 Der Ausbau der folgenden Strecken der Staatsstrassen für Radfahrer ist zu prüfen : Gemeinde auszubauende Strecke für Radfahrer : Herisau 1 ) Staatsstrasse Nr . 20 , Baldenwil-Kantonsgrenze Trogen , Wald",angenehmen,"und Rehetobel 2 ) Staatsstrasse Nr . 16 , Trogen-Wald-Kaien 1 ) Koordination mit Absichten Kanton St . Gallen bzw . Appenzell I . Rh . notwendig 2 ) Verhältnismässigkeit abklären , allenfalls nur reduzierter Ausbau Zuständigkeit und Verfahren Federführung : BD ( Grundsatz ) , TBA ( Projektierung )",angenehm,lemmesTempsVecueDE,14942,DE,DE_AG,2025,AG
". 1 V . 3 P + R-Anlagen 1 . Richtplanaufgabe Der Kanton sucht nach Massnahmen zur Reduzierung des Individualverkehrs , vor allem des Berufspendler- und Ausflugsverkehrs ( Entwicklungskonzept Massnahme M5 ) . Kanton und Verkehrsunternehmen sorgen für einen Ausbau des P + R- und B + R-Angebotes an geeigneten Haltestellen",angenehmes,des öffentlichen Verkehrs ( Leitbild öV Massnahme I 16 ) . Der Kanton unterstützt die Gemeinden bei der Planung der P + R- und B + RAnlagen und sorgt für die Koordination ( Massnahmenplan Luftreinhaltung V2 ) . 2 . Ausgangslage und Übersicht über die Grundlagen Aufgrund der ausgeprägten Streusiedlung,angenehm,lemmesTempsVecueDE,16378,DE,DE_BS,2024,BS
". 4 . Abstimmungsanweisungen 4 . 1 In den folgenden Gemeinden sind P + R- und B + R-Plätze zu erstellen bzw . zu sichern : Gemeinde , Träger öffentlicher Verkehr Park and Ride ( P + R ) , Bike and Ride ( B + R ) Realisierungszeit Alle Gemeinden",angenehmes,", BT , AB , TB , RHB , RhW , Postauto St . GallenAppenzell : Erstellen von ausreichend Abstellmöglichkeiten für Zweiräder an den leistungsfähigen und gut frequentierten Haltestellen . laufend Herisau , AB , BT : Erhalten der längerfristigen Option zur Erweiterung der P + R-Anlage ab ca .",angenehm,lemmesTempsVecueDE,16963,DE,DE_BS,2024,BS
und Hochgeschwindigkeitsverbindungen der Bahn ( HGV ) 1 . Richtplanaufgabe Der Kanton setzt sich fü n nationale strebenden rä Intercity- und Ostschweiz ein ( Leitbild ö fü und interöffentlichen ( Grundzüge der anzu- 2 . Ausgangslage und Übersicht Ü über die Grundlagen ü Im Kanton Appenzell A . Rh . liegen,angenehmes,", mit Ausnahme der Linie Bodenseeü Anbindung an die nationalen und internationalen Bahnlinien erfolgt im Nachbarkanton St . Gallen . Die Linienführung der NEAT und die Anbindung der Ostschweiz an die NEAT ist noch Gegenstand laufender Verhandlungen und Verfahren . Die Nord- und Ostschweiz ist der Bahnen im ü Mit",angenehm,lemmesTempsVecueDE,17413,DE,DE_BS,2024,BS
A . Rh . Stand : Mai 2008 Richtplantext Seite 83 22 S . L . Siedlung Landschaft L . 4 S . 1 Siedlungsgebiet Gewässer und Wasserbau L . 4 Gewässer und Wasserbau 1 . Richtplanaufgabe Gewässer sind möglichst naturnah zu erhalten und grundsätzlich offen zu führen ( Art .,angenehmes,37 und 38 GschG ) . Für einen wirksamen Hochwasserschutz und die Berücksichtigung ökologischer Aspekte muss dem Gewässer genügend Raum zur Verfügung gestellt werden ( Art . 21 WBV ) . Schutz von Lebensräumen schutzwürdiger Tiere und Pflanzen ( Art . 2 EG zum RPG ) . 2 . Ausgangslage,angenehm,lemmesTempsVecueDE,19404,DE,DE_BS,2024,BS
"Kantone , bei übermässigen Immissionen Massnahmen zur Reduktion der Emission von Luftschadstoffen zu ergreifen . Der Regierungsrat verabschiedete 1993 den Thurgauer Massnahmenplan Lufthygiene , der 2005 ergänzt wurde . Dabei handelt es sich um ein behördenverbindliches Instrument des verschärften Vollzuges gemäss USG . Darin wird gefordert , die Umweltschutzanliegen vermehrt in",angenehmerer,"die Raumplanung einzubringen . Für den Bereich Verkehr , der einen wesentlichen Teil der Emissionen verursacht , ist vor allem die gute Abstimmung zwischen Siedlungsentwicklung und Verkehr von Bedeutung . Dies ist ein zentrales Anliegen der Agglomerationsprogramme . Im Bereich der Siedlungsentwicklung sind das Raumkonzept und die verstärkte Siedlungsentwicklung nach",angenehm,lemmesTempsVecueDE,94598,DE,DE_SH,2004,SH
Gesetzesvollzug dienen . Festsetzung Kantonaler Richtplan Appenzell A . Rh . Stand : Mai 2008 Richtplantext Seite Seite111 22 S . L . Siedlung Landschaft S . 1 L . 9 Siedlungsgebiet Landschaftsschutz L . 9 . 2 Landschaften von nationaler Bedeutung 1 . Richtplanaufgabe Die Kantone sorgen für die Konkretisierung,angenehmes,"und Durchsetzung der Schutzziele der Moorlandschaften von besonderer Schönheit und nationaler Bedeutung . Sie treffen rechtzeitig die zweckmässigen Schutz- und Unterhaltsmassnahmen ( Art . 23c NHG , Art . 3 und 5 MLV ) . Durch die Aufnahme eines Objektes von nationaler Bedeutung in ein Inventar des Bundes wird dargetan",angenehm,lemmesTempsVecueDE,25443,DE,DE_BS,2025,BS
"Siedlungsgebiet Grundwasser S . 1 E . 1 1 . Richtplanaufgabe Die Wasserversorgung ist im Kanton Aufgabe der Gemeinden oder öffentlich-rechtlicher Korporationen . Dem Kanton kommt die Aufgabe zu , die Gemeinden in ihrer Aufgabe zu unterstützen , die Versorgungsgebiete zur Sicherstellung der Trinkwasserversorgung in Notlagen zu bezeichnen und Inventare über",angenehmes,"Wasserversorgungsanlagen , Grundwasservorkommen und Quellen , die sich für die Trinkwasserversorgung in Notlagen eigenen , zu erstellen ( eidg . Verordnung vom 20 November 1991 über die Sicherstellung der Trinkwasserversorgung in Notlagen , VTN , Art 5-9 ) . 2 . Ausgangslage und Übersicht über die Grundlagen 2 . 1",angenehm,lemmesTempsVecueDE,26006,DE,DE_BS,2025,BS
"überarbeitet , den neuen Vorgaben des Bundes angepasst und im Frühjahr 2005 genehmigt . Die Schutzzonenplanung wurde weitergeführt . Der Rest der provisorischen Grundwasserschutzzonen wird in definitive Schutzzonen umgewandelt . Handlungsbedarf besteht bei diversen provisorischen Grundwasserschutzzonen , bei denen die definitive Unterschutzstellung noch im Rechtsetzungsverfahren ist . Die Grundwasserschutzareale sind ebenfalls",angenehmes,"definitiv ausgewiesen und schützen für die zukünftige Nutzung nutzbare Grundwasservorkommen . Kantonaler Richtplan Appenzell A . Rh . Seite 116 22 Richtplantext Stand : Mai 2008 Zwischenergebnis Versorgung und Entsorgung Siedlung S . E . Wasserversorgung und Siedlungsgebiet Grundwasser S . 1 E . 1 Das Kantonsgebiet wird , je",angenehm,lemmesTempsVecueDE,26465,DE,DE_BS,2025,BS
". Stand : Mai 2008 Richtplantext Seite Seite127 22 E . S . Siedlung und Entsorgung Versorgung S . 1 E . 4 Siedlungsgebiet Abfallbewirtschaftung - Verwertung im Sinne eines Massenausgleichs , Voraussetzung : Kein Transport notwendig , keine Zuführung fremden Materials b . Verwendung von fremdem Aushubmaterial im Rahmen eines",angenehmes,"zulässigen Bauwerks . c . Auffüllungen und Rekultivierungen von Materialentnahmestellen und Deponien . d . Verwendung von Aushub im Rahmen von landschaftsverträglichen , bewilligten Bodenverbesserungsmassnahmen ausserhalb der Fruchtfolgeflächen ( Kantonales Interessengebiet Landwirtschaft ) . 3 . 3 Die Deponieraumbewirtschaftung für Inertstoffdeponien soll im Kanton nach den folgenden Zielen und Grundsätzen",angenehm,lemmesTempsVecueDE,28901,DE,DE_BS,2025,BS
. 2 / 20 ( 127 ) Bühler Bühler Böhl-Steigbach Hälmli E . 5 . 2 / 21 ( 104 ) Gais Steinleuten E . 5 . 2 / 22 ( 200 ) E . 5 . 2 / 23 ( 69 ) Gais Speicher Forren Steinegg 2 E . 5,angenehmer,. 2 / 24 ( 81 ) Trogen Sand E . 5 . 2 / 25 ( 82 ) Trogen Schurtanne Baldenwil - Süd E . 5 . 2 / 26 ( 85 ) ( * * * ) Trogen E . 5 . 2 / 27 ( 98 ),angenehm,lemmesTempsVecueDE,30001,DE,DE_BS,2025,BS
", beschliessl : l . Titel : Einleitung Art . l Ziele l Bund , Kantone und Gemeinden sorgen dafür , dass der Boden haushälterisch genutzt wird . Sie stimmen ihre raumwirksamen Tätigkeiten aufeinander ab und verwirklichen eine auf die erwünschte Entwicklung des Landes ausgerichtete Ordnung der Besiedlung . Sie achten",angenehme,"dabei auf die natürlichen Gegebenheiten sowie auf die Bedürfnisse von Bevölkerung und Wirtschaft . 82 2 Sie unterstützen mit Massnahmen der Raumplanung insbesondere die Bestrebungen , a . die natürlichen Lebensgrundlagen wie Boden , Luft , Wasser , Wald und die Landschaft zu schützen ; b , wohnliche Siedlungen und",angenehm,lemmesTempsVecueDE,59756,DE,DE_BE,2024,BE
einen Ausbau des P + R- und B + R-Angebotes an geeigneten Haltestellen des öffentlichen Verkehrs ( Leitbild öV Massnahme I 16 ) . Der Kanton unterstützt die Gemeinden bei der Planung der P + R- und B + RAnlagen und sorgt für die Koordination ( Massnahmenplan Luftreinhaltung V2 ) .,angenehmer,2 . Ausgangslage und Übersicht über die Grundlagen Aufgrund der ausgeprägten Streusiedlung im Kanton Appenzell A . Rh . ist eine Feinerschliessung mit dem öffentlichen Verkehr schwierig . Den Umsteigemöglichkeiten vom Individualverkehr auf den öffentlichen Verkehr kommt damit im Zusammenhang mit der Förderung des öffentlichen Verkehrs eine zentrale Rolle zu,angenehm,lemmesTempsVecueDE,16416,DE,DE_BS,2018,BS
"Heiden Bänzenrüti Walzenhausen Birkenfeld 2 . 3 Immissionstoleranz für Geruch Gemäss Geruchsbelastung aus bäuerlichen Tierhaltungsbetrieben schreibt die eidgenössische Luftreinhalteverordnung ( LRV ) einen Mindestabstand von neuen Ställen gegenüber bewohnten Zonen vor , wobei auf die Empfehlung der FAT verwiesen wird . Für den massgebenden Abstand wird unterschieden zwischen reinen Wohnzonen ,",angenehmes,"Zonen , in welchen mässig störende Betriebe zulässig sind , und landwirtschaftlich genutzten Zonen . Bezüglich der Zuweisung der Weilerzonen zu einer dieser Kategorien wird im Rahmen des Vollzugs entschieden . Kantonaler Richtplan Appenzell A . Rh . Stand : Mai 2008 Richtplantext Seite 49 22 S . Siedlung S",angenehm,lemmesTempsVecueDE,12008,DE,DE_ZH,2020,ZH
Grub Grub S . 5 . 1 . 15 Bischofberg * ) Heiden S . 5 . 1 . 16 S . 5 . 1 . 17 Lippenrüti * ) Schönenbüel Wolfhalden Wolfhalden S . 5 . 1 . 17 Sonder * ) Wolfhalden S . 5 . 1 . 19,angenehmes,Högli Wolfhalden Kantonaler Richtplan Appenzell A . Rh . Seite 50 22 Richtplantext Stand : Mai 2008 Festsetzung S . 5 . 2 Nummer Kleinsiedlung Gemeinde S . 5 . 1 . 20 Vorderbüelen Wolfhalden S . 5 . 1 . 21 Äschi Walzenhausen S . 5 . 1 .,angenehm,lemmesTempsVecueDE,12355,DE,DE_ZH,2020,ZH
"39 27 % 29 % 25 i 26 % 24 38 58 % 1980-2000 Für die weiteren Ueberlegungen wird von den oberen Prognosewerten ausgegangen . 1985 zählte der Kanton Zug 80 ' 400 Einwohner und 39 ' 800 Arbeitsplätzen , also eine Zunahme von 5-6 % gegenüber 1980 ( ein Vier",angenehmen,"tel des Prognosezeitraumes ) . Siedlungsflächen Heute wird vom Begriff der sogenannten Net tosiedlunqsfläche ( NSF ) ' ausgegangen . Sie umfasst die in Nutzungsplänen ( Zonenpläne der Gemeinden ) ausgeschiedenen Flächen für das Erstellen von Bauten für Wohnen und Arheiten , die Verkehrsflachen im Siedlungsgebiet ( ohne die grösseren",angenehm,lemmesTempsVecueDE,38230,DE,DE_ZH,2020,ZH
